id;name;description;date;amount;type;periodic
09541149-72fd-49ff-854a-df8c626720ac;implement Haiti;Engineer Fresh mission-critical;2021-06-22;97190;Automotive;true
9d8ff1c0-8d4b-464a-ba5d-64c4710fdc35;end-to-end optimize Awesome;Pizza Facilitator;2021-06-22;54845;Forest Fantastic;false
262bd82d-cd83-4aed-b90b-b46bead40969;connect Pizza multi-byte;drive SSL;2021-06-23;39088;parsing JBOD;false
5f93b848-6dda-40fb-bfba-189fd076eead;deposit Ameliorated Belgium;Electronics Pakistan;2021-06-22;42234;Chair;false
2b4a560f-818a-4560-ac38-beb499c5d872;program state;hard Sahara Functionality;2021-06-22;12251;Tuna maroon;true
25d8954f-ce50-4d6a-9bcf-6213907f70e8;neural User-friendly;Borders Solutions;2021-06-22;12888;Soft payment mobile;true
792422fc-2125-42cc-8454-3c8f9b042118;1080p;COM feed synthesize;2021-06-22;49953;array back-end Lithuanian;true
80eb5085-9fb6-4950-b39d-c4c95341539b;AGP;copy extranet;2021-06-22;69453;Shoes;false
9c943197-81bf-4c6f-9b9d-e1090d22a70d;Wooden state Plains;Ergonomic Developer;2021-06-22;2908;Light;true
5018d80f-1cc7-4877-8847-e1b2cbd64514;needs-based ability;Lead;2021-06-22;86597;Health copying Ergonomic;false
